id,name,introduction,email,id_first,name_first,intro_first,email_first,id_second,name_second,intro_second,email_second,id_third,name_third,intro_third,email_third
0,hello,我是神秘人,12345@gmail.com,20,hello,我是神秘人,12345@gmail.com,5,hello,我是神秘人,12345@gmail.com,7,hello,我是神秘人,12345@gmail.com
1,hello,我是神秘人,12345@gmail.com,4,hello,我是神秘人,12345@gmail.com,9,hello,我是神秘人,12345@gmail.com,20,hello,我是神秘人,12345@gmail.com
2,hello,我是神秘人,12345@gmail.com,4,hello,我是神秘人,12345@gmail.com,6,hello,我是神秘人,12345@gmail.com,20,hello,我是神秘人,12345@gmail.com
3,hello,我是神秘人,12345@gmail.com,20,hello,我是神秘人,12345@gmail.com,14,hello,我是神秘人,12345@gmail.com,21,hello,我是神秘人,12345@gmail.com
4,hello,我是神秘人,12345@gmail.com,10,hello,我是神秘人,12345@gmail.com,6,hello,我是神秘人,12345@gmail.com,20,hello,我是神秘人,12345@gmail.com
5,hello,我是神秘人,12345@gmail.com,1,hello,我是神秘人,12345@gmail.com,0,hello,我是神秘人,12345@gmail.com,3,hello,我是神秘人,12345@gmail.com
6,hello,我是神秘人,12345@gmail.com,20,hello,我是神秘人,12345@gmail.com,9,hello,我是神秘人,12345@gmail.com,7,hello,我是神秘人,12345@gmail.com
7,hello,我是神秘人,12345@gmail.com,0,hello,我是神秘人,12345@gmail.com,21,hello,我是神秘人,12345@gmail.com,1,hello,我是神秘人,12345@gmail.com
8,hello,我是神秘人,12345@gmail.com,16,hello,我是神秘人,12345@gmail.com,7,hello,我是神秘人,12345@gmail.com,20,hello,我是神秘人,12345@gmail.com
9,hello,我是神秘人,12345@gmail.com,20,hello,我是神秘人,12345@gmail.com,8,hello,我是神秘人,12345@gmail.com,4,hello,我是神秘人,12345@gmail.com
10,hello,我是神秘人,12345@gmail.com,14,hello,我是神秘人,12345@gmail.com,8,hello,我是神秘人,12345@gmail.com,5,hello,我是神秘人,12345@gmail.com
11,hello,我是神秘人,12345@gmail.com,13,hello,我是神秘人,12345@gmail.com,14,hello,我是神秘人,12345@gmail.com,7,hello,我是神秘人,12345@gmail.com
12,hello,我是神秘人,12345@gmail.com,13,hello,我是神秘人,12345@gmail.com,17,hello,我是神秘人,12345@gmail.com,19,hello,我是神秘人,12345@gmail.com
13,hello,我是神秘人,12345@gmail.com,15,hello,我是神秘人,12345@gmail.com,9,hello,我是神秘人,12345@gmail.com,17,hello,我是神秘人,12345@gmail.com
14,hello,我是神秘人,12345@gmail.com,0,hello,我是神秘人,12345@gmail.com,1,hello,我是神秘人,12345@gmail.com,21,hello,我是神秘人,12345@gmail.com
15,hello,我是神秘人,12345@gmail.com,6,hello,我是神秘人,12345@gmail.com,4,hello,我是神秘人,12345@gmail.com,0,hello,我是神秘人,12345@gmail.com
16,hello,我是神秘人,12345@gmail.com,0,hello,我是神秘人,12345@gmail.com,21,hello,我是神秘人,12345@gmail.com,3,hello,我是神秘人,12345@gmail.com
17,hello,我是神秘人,12345@gmail.com,14,hello,我是神秘人,12345@gmail.com,4,hello,我是神秘人,12345@gmail.com,20,hello,我是神秘人,12345@gmail.com
18,hello,我是神秘人,12345@gmail.com,4,hello,我是神秘人,12345@gmail.com,20,hello,我是神秘人,12345@gmail.com,14,hello,我是神秘人,12345@gmail.com
19,hello,我是神秘人,12345@gmail.com,7,hello,我是神秘人,12345@gmail.com,2,hello,我是神秘人,12345@gmail.com,14,hello,我是神秘人,12345@gmail.com
20,hello,我是神秘人,12345@gmail.com,15,hello,我是神秘人,12345@gmail.com,9,hello,我是神秘人,12345@gmail.com,5,hello,我是神秘人,12345@gmail.com
21,hello,我是神秘人,12345@gmail.com,20,hello,我是神秘人,12345@gmail.com,8,hello,我是神秘人,12345@gmail.com,1,hello,我是神秘人,12345@gmail.com
